portal,source_key,source_url,query,title,company,location,category,salary_min,salary_max,salary_mid,currency,captured_at,evidence
Computrabajo RD,computrabajo,https://do.computrabajo.com/ofertas-de-trabajo/?q=desarrollador,desarrollador,Desarrollador software,Desarrollador software,"ESPARTIMP Santo Domingo Este, Santo Domingo",Ingeniería de Software,11111.0,11111.0,11111.0,DOP,2026-05-29T09:19:08," 11,111.00 $ (Mensual)"
Computrabajo RD,computrabajo,https://do.computrabajo.com/ofertas-de-trabajo/?q=desarrollador,desarrollador,Ingeniero,Ingeniero,"PROYECTOS INDUSTRIALES, SRL PINSA Santo Domingo Este, Santo Domingo",Ingeniería de Software,80000.0,80000.0,80000.0,DOP,2026-05-29T09:19:08," 80,000.00 $ (Mensual)"
Computrabajo RD,computrabajo,https://do.computrabajo.com/ofertas-de-trabajo/?q=desarrollador,desarrollador,Desarrollador Diseño Proyectos,Desarrollador Diseño Proyectos,"Alerta SRL Santiago, Santiago",Ingeniería de Software,35000.0,35000.0,35000.0,DOP,2026-05-29T09:19:08," 35,000.00 $ (Mensual)"
Computrabajo RD,computrabajo,https://do.computrabajo.com/ofertas-de-trabajo/?q=desarrollador,desarrollador,Desarollador power bi etl,Desarollador power bi etl,"wmac consultoria y asesoria de recursos humanos srl Santo Domingo de Guzmán, Distrito Nacional",Ingeniería de Datos / BI,45000.0,45000.0,45000.0,DOP,2026-05-29T09:19:08," 45,000.00 $ (Mensual)"
Computrabajo RD,computrabajo,https://do.computrabajo.com/ofertas-de-trabajo/?q=desarrollador,desarrollador,Recien graduados con un nivel junior de desarrollo en powerbi y ETL SQL,Recien graduados con un nivel junior de desarrollo en powerbi y ETL SQL,"wmac consultoria y asesoria de recursos humanos srl Santo Domingo Este, Santo Domingo",Ingeniería de Datos / BI,30000.0,30000.0,30000.0,DOP,2026-05-29T09:19:08," 30,000.00 $ (Mensual)"
Computrabajo RD,computrabajo,https://do.computrabajo.com/ofertas-de-trabajo/?q=desarrollador,desarrollador,Tecnico en Redes y Sistema de seguridad,Tecnico en Redes y Sistema de seguridad,"ESPARTIMP Santo Domingo Este, Santo Domingo",Cloud / Infraestructura,111111.0,111111.0,111111.0,DOP,2026-05-29T09:19:08," 111,111.00 $ (Mensual)"
Computrabajo RD,computrabajo,https://do.computrabajo.com/ofertas-de-trabajo/?q=desarrollador,desarrollador,Ejecutivo Comercial de Campo Sector Gastronómico,Ejecutivo Comercial de Campo Sector Gastronómico,Reserva Ya Perú,Ingeniería de Software,11000.0,11000.0,11000.0,DOP,2026-05-29T09:19:08," 11,000.00 $ (Mensual)"
Computrabajo RD,computrabajo,https://do.computrabajo.com/ofertas-de-trabajo/?q=desarrollador,desarrollador,Asistente contabilidad,Asistente contabilidad,"wmac consultoria y asesoria de recursos humanos srl Santo Domingo Este, Santo Domingo",Ingeniería de Datos / BI,24000.0,24000.0,24000.0,DOP,2026-05-29T09:19:08," 24,000.00 $ (Mensual)"
Computrabajo RD,computrabajo,https://do.computrabajo.com/ofertas-de-trabajo/?q=desarrollador,desarrollador,Promotor de Ventas Directas de Dispositivos Electrónico,Promotor de Ventas Directas de Dispositivos Electrónico,"Salesland Santo Domingo de Guzmán, Distrito Nacional",Ingeniería de Software,59588.0,59588.0,59588.0,DOP,2026-05-29T09:19:08," 59,588.00 $ (Mensual)"
Computrabajo RD,computrabajo,https://do.computrabajo.com/ofertas-de-trabajo/?q=desarrollador%20java,desarrollador java,Soporte Técnico Informático con conocimientos en SQL y Contabilidad,Soporte Técnico Informático con conocimientos en SQL y Contabilidad,"Importante empresa del sector Santo Domingo de Guzmán, Distrito Nacional",Ingeniería de Datos / BI,50000.0,50000.0,50000.0,DOP,2026-05-29T09:19:10," 50,000.00 $ (Mensual)"
Computrabajo RD,computrabajo,https://do.computrabajo.com/ofertas-de-trabajo/?q=desarrollador%20java,desarrollador java,Tecnico de internet fibra óptica,Tecnico de internet fibra óptica,"GOLD WIRELESS IP TV SRL Salcedo, Hermanas Mirabal",Ingeniería de Software,12000.0,12000.0,12000.0,DOP,2026-05-29T09:19:10," 12,000.00 $ (Mensual)"
Computrabajo RD,computrabajo,https://do.computrabajo.com/ofertas-de-trabajo/?q=desarrollador%20java,desarrollador java,Promotor de Ventas Directas de Dispositivos Electrónico,Promotor de Ventas Directas de Dispositivos Electrónico,"Salesland Santo Domingo de Guzmán, Distrito Nacional",Ingeniería de Software,47242.0,47242.0,47242.0,DOP,2026-05-29T09:19:10," 47,242.00 $ (Mensual)"
Computrabajo RD,computrabajo,https://do.computrabajo.com/ofertas-de-trabajo/?q=power%20bi,power bi,Especialista en Inteligencia de Negocios,Especialista en Inteligencia de Negocios,"Importante empresa del sector Santo Domingo de Guzmán, Distrito Nacional",Ingeniería de Datos / BI,99997.0,99997.0,99997.0,DOP,2026-05-29T09:19:15," 99,997.00 $ (Mensual)"
Computrabajo RD,computrabajo,https://do.computrabajo.com/ofertas-de-trabajo/?q=data,data,Insurance Claim Verification Specialist,Insurance Claim Verification Specialist,"RPM BPO SRL Santo Domingo de Guzmán, Distrito Nacional",Ingeniería de Datos / BI,43999.0,43999.0,43999.0,DOP,2026-05-29T09:19:17," 43,999.00 $ (Mensual)"
Computrabajo RD,computrabajo,https://do.computrabajo.com/ofertas-de-trabajo/?q=data,data,Order Entry Clerk Backoffice,Order Entry Clerk Backoffice,"Sewn Products, INC. Santiago, Santiago",Ingeniería de Datos / BI,32000.0,32000.0,32000.0,DOP,2026-05-29T09:19:17," 32,000.00 $ (Mensual)"
Computrabajo RD,computrabajo,https://do.computrabajo.com/ofertas-de-trabajo/?q=data,data,Asesor de Marketplace,Asesor de Marketplace,"Steren Santo Domingo Oeste, Santo Domingo",Ingeniería de Datos / BI,46000.0,46000.0,46000.0,DOP,2026-05-29T09:19:17," 46,000.00 $ (Mensual)"
Computrabajo RD,computrabajo,https://do.computrabajo.com/ofertas-de-trabajo/?q=data,data,Customer service representative,Customer service representative,"Data Vimenca SA Santiago, Santiago",Ingeniería de Datos / BI,36000.0,36000.0,36000.0,DOP,2026-05-29T09:19:17," 36,000.00 $ (Mensual)"
Computrabajo RD,computrabajo,https://do.computrabajo.com/ofertas-de-trabajo/?q=data,data,Reporting Analyst,Reporting Analyst,"VoiceTeam Santiago, Santiago",Ingeniería de Datos / BI,111111.0,111111.0,111111.0,DOP,2026-05-29T09:19:17," 111,111.00 $ (Mensual)"
Computrabajo RD,computrabajo,https://do.computrabajo.com/ofertas-de-trabajo/?q=data,data,Accounts Payable Clerk,Accounts Payable Clerk,"Sewn Products, INC. Santiago, Santiago",Ingeniería de Datos / BI,50000.0,50000.0,50000.0,DOP,2026-05-29T09:19:17," 50,000.00 $ (Mensual)"
Computrabajo RD,computrabajo,https://do.computrabajo.com/ofertas-de-trabajo/?q=data,data,Líder de canales digitales,Líder de canales digitales,"Steren Santo Domingo Oeste, Santo Domingo",Ingeniería de Datos / BI,46000.0,46000.0,46000.0,DOP,2026-05-29T09:19:17," 46,000.00 $ (Mensual)"
Computrabajo RD,computrabajo,https://do.computrabajo.com/ofertas-de-trabajo/?q=data,data,After Sales Customer Service Representative,After Sales Customer Service Representative,"FLS solar dominicana srl Santo Domingo de Guzmán, Distrito Nacional",Ingeniería de Datos / BI,40000.0,40000.0,40000.0,DOP,2026-05-29T09:19:17," 40,000.00 $ (Mensual)"
Computrabajo RD,computrabajo,https://do.computrabajo.com/ofertas-de-trabajo/?q=data,data,Sales representative,Sales representative,"Data Vimenca SA Santiago, Santiago",Ingeniería de Datos / BI,30000.0,30000.0,30000.0,DOP,2026-05-29T09:19:17," 30,000.00 $ (Mensual)"
Computrabajo RD,computrabajo,https://do.computrabajo.com/ofertas-de-trabajo/?q=data,data,Territory Sales Manager,Territory Sales Manager,"Endureed Higüey, La Altagracia",Ingeniería de Datos / BI,89325.0,89325.0,89325.0,DOP,2026-05-29T09:19:17," 89,325.00 $ (Mensual)"
Computrabajo RD,computrabajo,https://do.computrabajo.com/ofertas-de-trabajo/?q=soporte%20tecnico,soporte tecnico,Auxiliar soporte técnico,Auxiliar soporte técnico,"UD GROUP DOMINICANA Santiago, Santiago",No clasificado,28000.0,28000.0,28000.0,DOP,2026-05-29T09:19:23," 28,000.00 $ (Mensual)"
Computrabajo RD,computrabajo,https://do.computrabajo.com/ofertas-de-trabajo/?q=soporte%20tecnico,soporte tecnico,Analista soporte técnico,Analista soporte técnico,"Importante empresa del sector Santo Domingo de Guzmán, Distrito Nacional",No clasificado,30000.0,30000.0,30000.0,DOP,2026-05-29T09:19:23," 30,000.00 $ (Mensual)"
Computrabajo RD,computrabajo,https://do.computrabajo.com/ofertas-de-trabajo/?q=soporte%20tecnico,soporte tecnico,Técnico en instalaciones y garantías,Técnico en instalaciones y garantías,"Steren Santo Domingo Este, Santo Domingo",No clasificado,35000.0,35000.0,35000.0,DOP,2026-05-29T09:19:23," 35,000.00 $ (Mensual)"
Computrabajo RD,computrabajo,https://do.computrabajo.com/ofertas-de-trabajo/?q=soporte%20tecnico,soporte tecnico,Servicio al cliente gascue,Servicio al cliente gascue,"wmac consultoria y asesoria de recursos humanos srl Santo Domingo de Guzmán, Distrito Nacional",No clasificado,23000.0,23000.0,23000.0,DOP,2026-05-29T09:19:23," 23,000.00 $ (Mensual)"
Computrabajo RD,computrabajo,https://do.computrabajo.com/ofertas-de-trabajo/?q=soporte%20tecnico,soporte tecnico,Asistente vendedor,Asistente vendedor,"INDUBAN Santo Domingo de Guzmán, Distrito Nacional",No clasificado,12000.0,12000.0,12000.0,DOP,2026-05-29T09:19:23," 12,000.00 $ (Mensual)"
Computrabajo RD,computrabajo,https://do.computrabajo.com/ofertas-de-trabajo/?q=soporte%20tecnico,soporte tecnico,Asesor crédito,Asesor crédito,"casfi motors Santo Domingo de Guzmán, Distrito Nacional",No clasificado,45000.0,45000.0,45000.0,DOP,2026-05-29T09:19:23," 45,000.00 $ (Mensual)"
Computrabajo RD,computrabajo,https://do.computrabajo.com/ofertas-de-trabajo/?q=soporte%20tecnico,soporte tecnico,Auxiliar administrativo contable,Auxiliar administrativo contable,"Desarrollate Consulting Aquino Viloria Santo Domingo Este, Santo Domingo",No clasificado,24998.0,24998.0,24998.0,DOP,2026-05-29T09:19:23," 24,998.00 $ (Mensual)"
Computrabajo RD,computrabajo,https://do.computrabajo.com/ofertas-de-trabajo/?q=soporte%20tecnico,soporte tecnico,Agente de ventas piso,Agente de ventas piso,"PLASTICMETAL Santiago, Santiago",No clasificado,27000.0,27000.0,27000.0,DOP,2026-05-29T09:19:23," 27,000.00 $ (Mensual)"
Computrabajo RD,computrabajo,https://do.computrabajo.com/ofertas-de-trabajo/?q=redes,redes,Ejecutiva de ventas y representante de marca,Ejecutiva de ventas y representante de marca,"VOOWIN RD SRL Bonao, Monseñor Nouel",Cloud / Infraestructura,45000.0,45000.0,45000.0,DOP,2026-05-29T09:19:25," 45,000.00 $ (Mensual)"
Computrabajo RD,computrabajo,https://do.computrabajo.com/ofertas-de-trabajo/?q=redes,redes,Encargado de redes sociales,Encargado de redes sociales,"Hua Yang SRL Santo Domingo Este, Santo Domingo",Ciberseguridad,23500.0,23500.0,23500.0,DOP,2026-05-29T09:19:25," 23,500.00 $ (Mensual)"
Computrabajo RD,computrabajo,https://do.computrabajo.com/ofertas-de-trabajo/?q=redes,redes,Community manager,Community manager,"Caracas Consulting Group Santo Domingo de Guzmán, Distrito Nacional",Cloud / Infraestructura,35000.0,35000.0,35000.0,DOP,2026-05-29T09:19:25," 35,000.00 $ (Mensual)"
Computrabajo RD,computrabajo,https://do.computrabajo.com/ofertas-de-trabajo/?q=redes,redes,Administrador De Redes E informática,Administrador De Redes E informática,"SOLORZANO Y ASOCIADOS CONSULTORIA EMPRESARIAL Santo Domingo Este, Santo Domingo",Cloud / Infraestructura,45000.0,45000.0,45000.0,DOP,2026-05-29T09:19:25," 45,000.00 $ (Mensual)"
Computrabajo RD,computrabajo,https://do.computrabajo.com/ofertas-de-trabajo/?q=redes,redes,Técnico Instalador de Fibra Óptica y Redes UTP,Técnico Instalador de Fibra Óptica y Redes UTP,"servicios ADDDNET Santiago, Santiago",Cloud / Infraestructura,17000.0,17000.0,17000.0,DOP,2026-05-29T09:19:25," 17,000.00 $ (Mensual)"
Computrabajo RD,computrabajo,https://do.computrabajo.com/ofertas-de-trabajo/?q=redes,redes,Vendedor/a y Servicio al Cliente,Vendedor/a y Servicio al Cliente,"PROLAND CONSULTING SRL Santo Domingo Este, Santo Domingo",Cloud / Infraestructura,24000.0,24000.0,24000.0,DOP,2026-05-29T09:19:25," 24,000.00 $ (Mensual)"
Computrabajo RD,computrabajo,https://do.computrabajo.com/ofertas-de-trabajo/?q=redes,redes,Ingeniero en Sistemas,Ingeniero en Sistemas,"ESPARTIMP Santo Domingo Este, Santo Domingo",Cloud / Infraestructura,22222.0,22222.0,22222.0,DOP,2026-05-29T09:19:25," 22,222.00 $ (Mensual)"
Computrabajo RD,computrabajo,https://do.computrabajo.com/ofertas-de-trabajo/?q=redes,redes,Especialista de Marketing – En inglés,Especialista de Marketing – En inglés,"Sewn Products, INC. Santiago, Santiago",Cloud / Infraestructura,75000.0,75000.0,75000.0,DOP,2026-05-29T09:19:25," 75,000.00 $ (Mensual)"
Computrabajo RD,computrabajo,https://do.computrabajo.com/ofertas-de-trabajo/?q=ciberseguridad,ciberseguridad,Gestor de Procesos Organizacionales,Gestor de Procesos Organizacionales,"Atica Group Santo Domingo de Guzmán, Distrito Nacional",Ciberseguridad,35000.0,35000.0,35000.0,DOP,2026-05-29T09:19:28," 35,000.00 $ (Mensual)"
Computrabajo RD,computrabajo,https://do.computrabajo.com/ofertas-de-trabajo/?q=cloud,cloud,Auditor calidad,Auditor calidad,"Cloud Manufacturing Tamboril, Santiago",Cloud / Infraestructura,30000.0,30000.0,30000.0,DOP,2026-05-29T09:19:31," 30,000.00 $ (Mensual)"
Computrabajo RD,computrabajo,https://do.computrabajo.com/ofertas-de-trabajo/?q=gerente%20tecnologia,gerente tecnologia,Gerente de tienda,Gerente de tienda,"Importante empresa del sector Santo Domingo Este, Santo Domingo",No clasificado,43000.0,43000.0,43000.0,DOP,2026-05-29T09:19:35," 43,000.00 $ (Mensual)"
Computrabajo RD,computrabajo,https://do.computrabajo.com/ofertas-de-trabajo/?q=gerente%20tecnologia,gerente tecnologia,Supervisor de tiendas,Supervisor de tiendas,"Steren Santo Domingo Este, Santo Domingo",No clasificado,35000.0,35000.0,35000.0,DOP,2026-05-29T09:19:35," 35,000.00 $ (Mensual)"
Computrabajo RD,computrabajo,https://do.computrabajo.com/ofertas-de-trabajo/?q=gerente%20tecnologia,gerente tecnologia,Encargado de IT,Encargado de IT,"Importante empresa del sector Retail Santo Domingo de Guzmán, Distrito Nacional",No clasificado,50000.0,50000.0,50000.0,DOP,2026-05-29T09:19:35," 50,000.00 $ (Mensual)"
Computrabajo RD,computrabajo,https://do.computrabajo.com/ofertas-de-trabajo/?q=gerente%20tecnologia,gerente tecnologia,Ejecutivo de Negocios para Santo Domingo,Ejecutivo de Negocios para Santo Domingo,"BP Medical Santo Domingo de Guzmán, Distrito Nacional",No clasificado,30000.0,30000.0,30000.0,DOP,2026-05-29T09:19:35," 30,000.00 $ (Mensual)"
Computrabajo RD,computrabajo,https://do.computrabajo.com/ofertas-de-trabajo/?q=gerente%20tecnologia,gerente tecnologia,Ejecutivo de Negocios para Santiago,Ejecutivo de Negocios para Santiago,"BP Medical Santiago, Santiago",No clasificado,11111.0,11111.0,11111.0,DOP,2026-05-29T09:19:35," 11,111.00 $ (Mensual)"
Computrabajo RD,computrabajo,https://do.computrabajo.com/ofertas-de-trabajo/?q=gerente%20tecnologia,gerente tecnologia,Ejecutivo de Negocios para la vega,Ejecutivo de Negocios para la vega,"BP Medical La Vega, La Vega",No clasificado,28000.0,28000.0,28000.0,DOP,2026-05-29T09:19:35," 28,000.00 $ (Mensual)"
Computrabajo RD,computrabajo,https://do.computrabajo.com/ofertas-de-trabajo/?q=gerente%20tecnologia,gerente tecnologia,Ejecutivo de cuentas / Asesor de Ventas,Ejecutivo de cuentas / Asesor de Ventas,"Centro Dominicano de Tecnología Científica S.R.L. Santo Domingo Oeste, Santo Domingo",No clasificado,50000.0,50000.0,50000.0,DOP,2026-05-29T09:19:35," 50,000.00 $ (Mensual)"
Computrabajo RD,computrabajo,https://do.computrabajo.com/ofertas-de-trabajo/?q=gerente%20tecnologia,gerente tecnologia,Ejecutivo/a de cuenta,Ejecutivo/a de cuenta,"Centro Dominicano de Tecnología Científica S.R.L. Santo Domingo Oeste, Santo Domingo",No clasificado,50000.0,50000.0,50000.0,DOP,2026-05-29T09:19:35," 50,000.00 $ (Mensual)"
Computrabajo RD,computrabajo,https://do.computrabajo.com/ofertas-de-trabajo/?q=gerente%20tecnologia,gerente tecnologia,Subgerente de tienda,Subgerente de tienda,"Steren Santo Domingo de Guzmán, Distrito Nacional",No clasificado,35000.0,35000.0,35000.0,DOP,2026-05-29T09:19:35," 35,000.00 $ (Mensual)"
Computrabajo RD,computrabajo,https://do.computrabajo.com/ofertas-de-trabajo/?q=gerente%20tecnologia,gerente tecnologia,Coordinador de Infraestructura y Soporte,Coordinador de Infraestructura y Soporte,"Clickteck, SRL Santo Domingo de Guzmán, Distrito Nacional",Cloud / Infraestructura,50000.0,50000.0,50000.0,DOP,2026-05-29T09:19:35," 50,000.00 $ (Mensual)"
Computrabajo RD,computrabajo,https://do.computrabajo.com/ofertas-de-trabajo/?q=gerente%20de%20sistemas,gerente de sistemas,Coordinador de SGC y Mejora Continua,Coordinador de SGC y Mejora Continua,"Cap Cana Higüey, La Altagracia",Ingeniería de Software,123456.0,123456.0,123456.0,DOP,2026-05-29T09:19:37," 123,456.00 $ (Mensual)"
Computrabajo RD,computrabajo,https://do.computrabajo.com/ofertas-de-trabajo/?q=gerente%20de%20sistemas,gerente de sistemas,Gestor de documentación,Gestor de documentación,"LA NACIONAL Santo Domingo de Guzmán, Distrito Nacional",Ingeniería de Software,35000.0,35000.0,35000.0,DOP,2026-05-29T09:19:37," 35,000.00 $ (Mensual)"
Computrabajo RD,computrabajo,https://do.computrabajo.com/ofertas-de-trabajo/?q=gerente%20de%20sistemas,gerente de sistemas,Desarrollador Senior,Desarrollador Senior,"PROLAND CONSULTING SRL Santo Domingo Este, Santo Domingo",Ingeniería de Software,80000.0,80000.0,80000.0,DOP,2026-05-29T09:19:37," 80,000.00 $ (Mensual)"
Computrabajo RD,computrabajo,https://do.computrabajo.com/ofertas-de-trabajo/?q=director%20tecnologia,director tecnologia,Ing Agronomo,Ing Agronomo,"EkoFlora Santiago, Santiago",No clasificado,35000.0,35000.0,35000.0,DOP,2026-05-29T09:19:39," 35,000.00 $ (Mensual)"
Computrabajo RD,computrabajo,https://do.computrabajo.com/ofertas-de-trabajo/?q=jefe%20de%20sistemas,jefe de sistemas,Camarero/a,Camarero/a,"Grupo Conuco Santo Domingo de Guzmán, Distrito Nacional",Ingeniería de Software,18984.0,18984.0,18984.0,DOP,2026-05-29T09:19:41," 18,984.00 $ (Mensual)"
Computrabajo RD,computrabajo,https://do.computrabajo.com/ofertas-de-trabajo/?q=coordinador%20infraestructura,coordinador infraestructura,Encargado Infraestructura de la Tecnología,Encargado Infraestructura de la Tecnología,"Alerta SRL Santiago, Santiago",Cloud / Infraestructura,35000.0,35000.0,35000.0,DOP,2026-05-29T09:19:44," 35,000.00 $ (Mensual)"
Computrabajo RD,computrabajo,https://do.computrabajo.com/ofertas-de-trabajo/?q=preventa,preventa,Vendedor de Ruta,Vendedor de Ruta,"ALMACEN VILLA GARCIA Santo Domingo Norte, Santo Domingo",No clasificado,30000.0,30000.0,30000.0,DOP,2026-05-29T09:19:46," 30,000.00 $ (Mensual)"
Computrabajo RD,computrabajo,https://do.computrabajo.com/ofertas-de-trabajo/?q=ingeniero%20civil,ingeniero civil,Ingeniero civil,Ingeniero civil,"Caracas Consulting Group Santo Domingo de Guzmán, Distrito Nacional",Ingeniería Civil / Infraestructura,30000.0,30000.0,30000.0,DOP,2026-05-29T09:19:48," 30,000.00 $ (Mensual)"
Computrabajo RD,computrabajo,https://do.computrabajo.com/ofertas-de-trabajo/?q=ingeniero%20civil,ingeniero civil,Ingeniero civil,Ingeniero civil,"Grupo Pedralbes Higüey, La Altagracia",Ingeniería Civil / Infraestructura,80000.0,80000.0,80000.0,DOP,2026-05-29T09:19:48," 80,000.00 $ (Mensual)"
Computrabajo RD,computrabajo,https://do.computrabajo.com/ofertas-de-trabajo/?q=ingeniero%20civil,ingeniero civil,Ingeniero civil,Ingeniero civil,"MR Gestion Humana Santo Domingo Norte, Santo Domingo",Ingeniería Civil / Infraestructura,50000.0,50000.0,50000.0,DOP,2026-05-29T09:19:48," 50,000.00 $ (Mensual)"
Computrabajo RD,computrabajo,https://do.computrabajo.com/ofertas-de-trabajo/?q=ingeniero%20civil,ingeniero civil,Ingeniero civil,Ingeniero civil,"PROYECTOS INDUSTRIALES, SRL PINSA Santo Domingo Oeste, Santo Domingo",Ingeniería Civil / Infraestructura,70000.0,70000.0,70000.0,DOP,2026-05-29T09:19:48," 70,000.00 $ (Mensual)"
Computrabajo RD,computrabajo,https://do.computrabajo.com/ofertas-de-trabajo/?q=ingeniero%20civil,ingeniero civil,Ingeniero civil,Ingeniero civil,"PROYECTOS INDUSTRIALES, SRL PINSA Santo Domingo Este, Santo Domingo",Ingeniería Civil / Infraestructura,69999.0,69999.0,69999.0,DOP,2026-05-29T09:19:48," 69,999.00 $ (Mensual)"
Computrabajo RD,computrabajo,https://do.computrabajo.com/ofertas-de-trabajo/?q=ingeniero%20civil,ingeniero civil,Ingeniero residente,Ingeniero residente,"Envirotec Santo Domingo de Guzmán, Distrito Nacional",Ingeniería Civil / Infraestructura,28000.0,28000.0,28000.0,DOP,2026-05-29T09:19:48," 28,000.00 $ (Mensual)"
Computrabajo RD,computrabajo,https://do.computrabajo.com/ofertas-de-trabajo/?q=ingeniero%20civil,ingeniero civil,Encargado de compras internacionales,Encargado de compras internacionales,"PROYECTOS INDUSTRIALES, SRL PINSA Santo Domingo Oeste, Santo Domingo",Ingeniería Civil / Infraestructura,80000.0,80000.0,80000.0,DOP,2026-05-29T09:19:48," 80,000.00 $ (Mensual)"
Computrabajo RD,computrabajo,https://do.computrabajo.com/ofertas-de-trabajo/?q=ingeniero%20civil,ingeniero civil,Arquitecto ingeniero,Arquitecto ingeniero,"COBAMA SRL Santiago, Santiago",Ingeniería Civil / Infraestructura,70000.0,70000.0,70000.0,DOP,2026-05-29T09:19:48," 70,000.00 $ (Mensual)"
Computrabajo RD,computrabajo,https://do.computrabajo.com/ofertas-de-trabajo/?q=ingeniero%20industrial,ingeniero industrial,Ingeniero Industrial,Ingeniero Industrial,"PROYECTOS INDUSTRIALES, SRL PINSA Santo Domingo Oeste, Santo Domingo",Ingeniería Industrial,50000.0,50000.0,50000.0,DOP,2026-05-29T09:19:50," 50,000.00 $ (Mensual)"
Computrabajo RD,computrabajo,https://do.computrabajo.com/ofertas-de-trabajo/?q=ingeniero%20industrial,ingeniero industrial,Coordinador Operaciones,Coordinador Operaciones,"Caracas Consulting Group Santo Domingo de Guzmán, Distrito Nacional",Ingeniería Industrial,35000.0,35000.0,35000.0,DOP,2026-05-29T09:19:50," 35,000.00 $ (Mensual)"
Computrabajo RD,computrabajo,https://do.computrabajo.com/ofertas-de-trabajo/?q=ingeniero%20industrial,ingeniero industrial,Inspector de Calidad,Inspector de Calidad,"PROYECTOS INDUSTRIALES, SRL PINSA Santo Domingo Este, Santo Domingo",Ingeniería Industrial,40000.0,40000.0,40000.0,DOP,2026-05-29T09:19:50," 40,000.00 $ (Mensual)"
Computrabajo RD,computrabajo,https://do.computrabajo.com/ofertas-de-trabajo/?q=ingeniero%20industrial,ingeniero industrial,Ingeniero,Ingeniero,"PROYECTOS INDUSTRIALES, SRL PINSA Santo Domingo Este, Santo Domingo",Ingeniería Industrial,44999.0,44999.0,44999.0,DOP,2026-05-29T09:19:50," 44,999.00 $ (Mensual)"
Computrabajo RD,computrabajo,https://do.computrabajo.com/ofertas-de-trabajo/?q=ingeniero%20industrial,ingeniero industrial,Diseño y Estructuras,Diseño y Estructuras,"PROYECTOS INDUSTRIALES, SRL PINSA Santo Domingo Oeste, Santo Domingo",Ingeniería Industrial,80000.0,80000.0,80000.0,DOP,2026-05-29T09:19:50," 80,000.00 $ (Mensual)"
Computrabajo RD,computrabajo,https://do.computrabajo.com/ofertas-de-trabajo/?q=ingeniero%20industrial,ingeniero industrial,pasante de ingenieria,pasante de ingenieria,"GVTEC SRL Santo Domingo de Guzmán, Distrito Nacional",Ingeniería Industrial,15000.0,15000.0,15000.0,DOP,2026-05-29T09:19:50," 15,000.00 $ (Mensual)"
Computrabajo RD,computrabajo,https://do.computrabajo.com/ofertas-de-trabajo/?q=ingeniero%20industrial,ingeniero industrial,Recepcionista asistente administrativo,Recepcionista asistente administrativo,"PROYECTOS INDUSTRIALES, SRL PINSA Santo Domingo Oeste, Santo Domingo",Ingeniería Industrial,12000.0,12000.0,12000.0,DOP,2026-05-29T09:19:50," 12,000.00 $ (Mensual)"
Computrabajo RD,computrabajo,https://do.computrabajo.com/ofertas-de-trabajo/?q=ingeniero%20de%20proyectos,ingeniero de proyectos,Ing. Encargado de Proyecto,Ing. Encargado de Proyecto,"MR Gestion Humana Santo Domingo Oeste, Santo Domingo",Ingeniería Civil / Infraestructura,90000.0,90000.0,90000.0,DOP,2026-05-29T09:19:57," 90,000.00 $ (Mensual)"
Computrabajo RD,computrabajo,https://do.computrabajo.com/ofertas-de-trabajo/?q=ingeniero%20de%20proyectos,ingeniero de proyectos,Supervisor de Operaciones,Supervisor de Operaciones,"Importante empresa del sector Santiago, Santiago",Ingeniería Industrial,40000.0,40000.0,40000.0,DOP,2026-05-29T09:19:57," 40,000.00 $ (Mensual)"
Computrabajo RD,computrabajo,https://do.computrabajo.com/ofertas-de-trabajo/?q=calidad,calidad,Bioanalista y Encargada de Calidad,Bioanalista y Encargada de Calidad,"IntraRHecursos Higüey, La Altagracia",Ingeniería de Datos / BI,49999.0,49999.0,49999.0,DOP,2026-05-29T09:19:59," 49,999.00 $ (Mensual)"
Computrabajo RD,computrabajo,https://do.computrabajo.com/ofertas-de-trabajo/?q=calidad,calidad,Supervisor y control de calidad,Supervisor y control de calidad,"Luis Minaya& Co Santo Domingo Este, Santo Domingo",Manufactura / Calidad,90000.0,90000.0,90000.0,DOP,2026-05-29T09:19:59," 90,000.00 $ (Mensual)"
Computrabajo RD,computrabajo,https://do.computrabajo.com/ofertas-de-trabajo/?q=calidad,calidad,Asistente calidad,Asistente calidad,"Fumicontrol, S.R.L. Higüey, La Altagracia",Manufactura / Calidad,29000.0,29000.0,29000.0,DOP,2026-05-29T09:19:59," 29,000.00 $ (Mensual)"
Computrabajo RD,computrabajo,https://do.computrabajo.com/ofertas-de-trabajo/?q=calidad,calidad,Encargado de Calidad,Encargado de Calidad,"J&J SRL San Gregorio de Nigua, San Cristóbal",Manufactura / Calidad,40000.0,40000.0,40000.0,DOP,2026-05-29T09:19:59," 40,000.00 $ (Mensual)"
Computrabajo RD,computrabajo,https://do.computrabajo.com/ofertas-de-trabajo/?q=calidad,calidad,Inspector calidad,Inspector calidad,"PROYECTOS INDUSTRIALES, SRL PINSA Santo Domingo Oeste, Santo Domingo",Manufactura / Calidad,122055.0,122055.0,122055.0,DOP,2026-05-29T09:19:59," 122,055.00 $ (Mensual)"
Computrabajo RD,computrabajo,https://do.computrabajo.com/ofertas-de-trabajo/?q=calidad,calidad,Quality Assurance Analyst (Temporary),Quality Assurance Analyst (Temporary),"RPM BPO SRL Santo Domingo de Guzmán, Distrito Nacional",Ingeniería de Datos / BI,40200.0,40200.0,40200.0,DOP,2026-05-29T09:19:59," 40,200.00 $ (Mensual)"
Computrabajo RD,computrabajo,https://do.computrabajo.com/ofertas-de-trabajo/?q=calidad,calidad,Encargado Control de Calidad,Encargado Control de Calidad,"Deya by Dewi Peña Santo Domingo de Guzmán, Distrito Nacional",Manufactura / Calidad,40000.0,40000.0,40000.0,DOP,2026-05-29T09:19:59," 40,000.00 $ (Mensual)"
Computrabajo RD,computrabajo,https://do.computrabajo.com/ofertas-de-trabajo/?q=calidad,calidad,Gerente de calidad y servicio al cliente.,Gerente de calidad y servicio al cliente.,"Exchanging Experiencs Santiago, Santiago",Manufactura / Calidad,28000.0,28000.0,28000.0,DOP,2026-05-29T09:19:59," 28,000.00 $ (Mensual)"
Computrabajo RD,computrabajo,https://do.computrabajo.com/ofertas-de-trabajo/?q=calidad,calidad,Gerente de calidad,Gerente de calidad,"Importante empresa del sector zona franca Santiago, Santiago",Manufactura / Calidad,85000.0,85000.0,85000.0,DOP,2026-05-29T09:19:59," 85,000.00 $ (Mensual)"
Computrabajo RD,computrabajo,https://do.computrabajo.com/ofertas-de-trabajo/?q=calidad,calidad,Supervisor Pesaje y Calidad Vegetales,Supervisor Pesaje y Calidad Vegetales,"Growers Dominicana Tamboril, Santiago",Manufactura / Calidad,27490.0,27490.0,27490.0,DOP,2026-05-29T09:19:59," 27,490.00 $ (Mensual)"
Computrabajo RD,computrabajo,https://do.computrabajo.com/ofertas-de-trabajo/?q=calidad,calidad,Inspector calidad,Inspector calidad,"MARAT INDUSTRIAL Santo Domingo Oeste, Santo Domingo",Manufactura / Calidad,30000.0,30000.0,30000.0,DOP,2026-05-29T09:19:59," 30,000.00 $ (Mensual)"
Computrabajo RD,computrabajo,https://do.computrabajo.com/ofertas-de-trabajo/?q=calidad,calidad,Coordinador de Auditoria de Operaciones,Coordinador de Auditoria de Operaciones,"VUO PARTNERS Santo Domingo de Guzmán, Distrito Nacional",Ingeniería Industrial,80000.0,80000.0,80000.0,DOP,2026-05-29T09:19:59," 80,000.00 $ (Mensual)"
Computrabajo RD,computrabajo,https://do.computrabajo.com/ofertas-de-trabajo/?q=mantenimiento,mantenimiento,Conserje Mantenimiento,Conserje Mantenimiento,"IntraRHecursos Higüey, La Altagracia",Ingeniería Mecánica / Movilidad,24999.0,24999.0,24999.0,DOP,2026-05-29T09:20:01," 24,999.00 $ (Mensual)"
Computrabajo RD,computrabajo,https://do.computrabajo.com/ofertas-de-trabajo/?q=mantenimiento,mantenimiento,Asistente de Mantenimiento General,Asistente de Mantenimiento General,"TDV INVESTMENT Santo Domingo Oeste, Santo Domingo",Ingeniería Mecánica / Movilidad,35000.0,35000.0,35000.0,DOP,2026-05-29T09:20:01," 35,000.00 $ (Mensual)"
Computrabajo RD,computrabajo,https://do.computrabajo.com/ofertas-de-trabajo/?q=mantenimiento,mantenimiento,técnico en mantenimiento,técnico en mantenimiento,"Latam Equipment and Services Bee Santo Domingo de Guzmán, Distrito Nacional",Ingeniería Mecánica / Movilidad,24000.0,24000.0,24000.0,DOP,2026-05-29T09:20:01," 24,000.00 $ (Mensual)"
Computrabajo RD,computrabajo,https://do.computrabajo.com/ofertas-de-trabajo/?q=arquitecto,arquitecto,Dibujante (Arquitectura),Dibujante (Arquitectura),"PROLUM Santo Domingo de Guzmán, Distrito Nacional",Arquitectura / BIM,35000.0,35000.0,35000.0,DOP,2026-05-29T09:20:05," 35,000.00 $ (Mensual)"
Computrabajo RD,computrabajo,https://do.computrabajo.com/ofertas-de-trabajo/?q=arquitecto,arquitecto,Ingeniero / Arquitecto,Ingeniero / Arquitecto,"PROYECTOS INDUSTRIALES, SRL PINSA Santo Domingo Este, Santo Domingo",Arquitectura / BIM,70000.0,70000.0,70000.0,DOP,2026-05-29T09:20:05," 70,000.00 $ (Mensual)"
Computrabajo RD,computrabajo,https://do.computrabajo.com/ofertas-de-trabajo/?q=gerente%20operaciones,gerente operaciones,Líder de Operaciones,Líder de Operaciones,"Grupogilc Santo Domingo Este, Santo Domingo",Ingeniería Industrial,45000.0,45000.0,45000.0,DOP,2026-05-29T09:20:07," 45,000.00 $ (Mensual)"
Computrabajo RD,computrabajo,https://do.computrabajo.com/ofertas-de-trabajo/?q=gerente%20operaciones,gerente operaciones,Gerente de Tienda,Gerente de Tienda,"IX COMERCIO Santo Domingo Este, Santo Domingo",Ingeniería Industrial,35000.0,35000.0,35000.0,DOP,2026-05-29T09:20:07," 35,000.00 $ (Mensual)"
Computrabajo RD,computrabajo,https://do.computrabajo.com/ofertas-de-trabajo/?q=gerente%20operaciones,gerente operaciones,Subgerente de tienda temporal,Subgerente de tienda temporal,"IX COMERCIO Santiago, Santiago",Ingeniería Industrial,30000.0,30000.0,30000.0,DOP,2026-05-29T09:20:07," 30,000.00 $ (Mensual)"
Computrabajo RD,computrabajo,https://do.computrabajo.com/ofertas-de-trabajo/?q=gerente%20operaciones,gerente operaciones,Especialista en Atención al Cliente (nivel de ingles fluido),Especialista en Atención al Cliente (nivel de ingles fluido),"RHASESORATE San Pedro de Macorís, San Pedro de Macorís",Ingeniería Industrial,40000.0,40000.0,40000.0,DOP,2026-05-29T09:20:07," 40,000.00 $ (Mensual)"
Computrabajo RD,computrabajo,https://do.computrabajo.com/ofertas-de-trabajo/?q=gerente%20operaciones,gerente operaciones,Especialista en Atención a Huésped,Especialista en Atención a Huésped,"RHASESORATE San Pedro de Macorís, San Pedro de Macorís",Ingeniería Industrial,40000.0,40000.0,40000.0,DOP,2026-05-29T09:20:07," 40,000.00 $ (Mensual)"
Computrabajo RD,computrabajo,https://do.computrabajo.com/ofertas-de-trabajo/?q=senior,senior,Analista Senior de Ciberseguridad – Gestión de Vulnerabilidades,Analista Senior de Ciberseguridad – Gestión de Vulnerabilidades,"Sewn Products, INC. Santiago, Santiago",Ciberseguridad,131000.0,131000.0,131000.0,DOP,2026-05-29T09:20:12," 131,000.00 $ (Mensual)"
Computrabajo RD,computrabajo,https://do.computrabajo.com/ofertas-de-trabajo/?q=senior,senior,Contable Senior,Contable Senior,"Desarrollate Consulting Aquino Viloria Santo Domingo Este, Santo Domingo",No clasificado,54999.0,54999.0,54999.0,DOP,2026-05-29T09:20:12," 54,999.00 $ (Mensual)"
Computrabajo RD,computrabajo,https://do.computrabajo.com/ofertas-de-trabajo/?q=senior,senior,Ejecutivo Senior de Ventas,Ejecutivo Senior de Ventas,"Liberty Networks Higüey, La Altagracia",No clasificado,120000.0,120000.0,120000.0,DOP,2026-05-29T09:20:12," 120,000.00 $ (Mensual)"
Computrabajo RD,computrabajo,https://do.computrabajo.com/ofertas-de-trabajo/?q=senior,senior,Tecnico en Fumigación,Tecnico en Fumigación,"Grupo Aguiar Santo Domingo de Guzmán, Distrito Nacional",No clasificado,21000.0,21000.0,21000.0,DOP,2026-05-29T09:20:12," 21,000.00 $ (Mensual)"
Computrabajo RD,computrabajo,https://do.computrabajo.com/ofertas-de-trabajo/?q=senior,senior,Abogado Junior,Abogado Junior,"Cabrera & Asociados Santiago, Santiago",No clasificado,40000.0,40000.0,40000.0,DOP,2026-05-29T09:20:12," 40,000.00 $ (Mensual)"
Computrabajo RD - Informática,computrabajo_it,https://do.computrabajo.com/empleos-de-informatica-y-telecom,categoria,Desarollador power bi etl,Desarollador power bi etl,"wmac consultoria y asesoria de recursos humanos srl Santo Domingo de Guzmán, Distrito Nacional",Ingeniería de Datos / BI,45000.0,45000.0,45000.0,DOP,2026-05-29T09:20:14," 45,000.00 $ (Mensual)"
Computrabajo RD - Informática,computrabajo_it,https://do.computrabajo.com/empleos-de-informatica-y-telecom,categoria,Recien graduados con un nivel junior de desarrollo en powerbi y ETL SQL,Recien graduados con un nivel junior de desarrollo en powerbi y ETL SQL,"wmac consultoria y asesoria de recursos humanos srl Santo Domingo Este, Santo Domingo",Ingeniería de Datos / BI,30000.0,30000.0,30000.0,DOP,2026-05-29T09:20:14," 30,000.00 $ (Mensual)"
Computrabajo RD - Informática,computrabajo_it,https://do.computrabajo.com/empleos-de-informatica-y-telecom,categoria,Tecnico en Redes y Sistema de seguridad,Tecnico en Redes y Sistema de seguridad,"ESPARTIMP Santo Domingo Este, Santo Domingo",Cloud / Infraestructura,111111.0,111111.0,111111.0,DOP,2026-05-29T09:20:14," 111,111.00 $ (Mensual)"
Computrabajo RD - Informática,computrabajo_it,https://do.computrabajo.com/empleos-de-informatica-y-telecom,categoria,Ingeniero en Sistemas,Ingeniero en Sistemas,"ESPARTIMP Santo Domingo Este, Santo Domingo",Ingeniería de Software,22222.0,22222.0,22222.0,DOP,2026-05-29T09:20:14," 22,222.00 $ (Mensual)"
Computrabajo RD - Informática,computrabajo_it,https://do.computrabajo.com/empleos-de-informatica-y-telecom,categoria,Admin Support (Remoto a partir de los 3 meses),Admin Support (Remoto a partir de los 3 meses),"Minnek Digital Studio Santiago, Santiago",No clasificado,28000.0,28000.0,28000.0,DOP,2026-05-29T09:20:14," 28,000.00 $ (Mensual)"
Computrabajo RD - Informática,computrabajo_it,https://do.computrabajo.com/empleos-de-informatica-y-telecom,categoria,Supervisor de Operaciones,Supervisor de Operaciones,"Importante empresa del sector Santiago, Santiago",Ingeniería Industrial,40000.0,40000.0,40000.0,DOP,2026-05-29T09:20:14," 40,000.00 $ (Mensual)"
Computrabajo RD - Informática,computrabajo_it,https://do.computrabajo.com/empleos-de-informatica-y-telecom,categoria,Desarrollador Senior,Desarrollador Senior,"PROLAND CONSULTING SRL Santo Domingo Este, Santo Domingo",Ingeniería de Software,80000.0,80000.0,80000.0,DOP,2026-05-29T09:20:14," 80,000.00 $ (Mensual)"
Computrabajo RD - Ingeniería,computrabajo_engineering,https://do.computrabajo.com/empleos-de-ingenieria-y-tecnico,categoria,Auditor calidad,Auditor calidad,"Cloud Manufacturing Tamboril, Santiago",Manufactura / Calidad,30000.0,30000.0,30000.0,DOP,2026-05-29T09:20:16," 30,000.00 $ (Mensual)"
Computrabajo RD - Ingeniería,computrabajo_engineering,https://do.computrabajo.com/empleos-de-ingenieria-y-tecnico,categoria,Gerente de operaciones,Gerente de operaciones,"ASESORES Y CONSULTORES ABREU SURIEL & ASOCIADOS Santo Domingo Este, Santo Domingo",Ingeniería Industrial,100000.0,100000.0,100000.0,DOP,2026-05-29T09:20:16," 100,000.00 $ (Mensual)"
Computrabajo RD - Ingeniería,computrabajo_engineering,https://do.computrabajo.com/empleos-de-ingenieria-y-tecnico,categoria,Planificación y Gestión,Planificación y Gestión,"PROYECTOS INDUSTRIALES, SRL PINSA Santo Domingo Este, Santo Domingo",No clasificado,80000.0,80000.0,80000.0,DOP,2026-05-29T09:20:16," 80,000.00 $ (Mensual)"
Computrabajo RD - Ingeniería,computrabajo_engineering,https://do.computrabajo.com/empleos-de-ingenieria-y-tecnico,categoria,Diseño y Estructuras,Diseño y Estructuras,"PROYECTOS INDUSTRIALES, SRL PINSA Santo Domingo Oeste, Santo Domingo",Ingeniería Civil / Infraestructura,80000.0,80000.0,80000.0,DOP,2026-05-29T09:20:16," 80,000.00 $ (Mensual)"
Computrabajo RD - Ingeniería,computrabajo_engineering,https://do.computrabajo.com/empleos-de-ingenieria-y-tecnico,categoria,Ingeniero residente,Ingeniero residente,"Envirotec Santo Domingo de Guzmán, Distrito Nacional",Ingeniería Civil / Infraestructura,28000.0,28000.0,28000.0,DOP,2026-05-29T09:20:16," 28,000.00 $ (Mensual)"
Computrabajo RD - Ingeniería,computrabajo_engineering,https://do.computrabajo.com/empleos-de-ingenieria-y-tecnico,categoria,pasante de ingenieria,pasante de ingenieria,"GVTEC SRL Santo Domingo de Guzmán, Distrito Nacional",No clasificado,15000.0,15000.0,15000.0,DOP,2026-05-29T09:20:16," 15,000.00 $ (Mensual)"
Computrabajo RD - Ingeniería,computrabajo_engineering,https://do.computrabajo.com/empleos-de-ingenieria-y-tecnico,categoria,Supervisor y control de calidad,Supervisor y control de calidad,"Luis Minaya& Co Santo Domingo Este, Santo Domingo",Manufactura / Calidad,90000.0,90000.0,90000.0,DOP,2026-05-29T09:20:16," 90,000.00 $ (Mensual)"
Computrabajo RD - Ingeniería,computrabajo_engineering,https://do.computrabajo.com/empleos-de-ingenieria-y-tecnico,categoria,Soporte Seguridad Electronica,Soporte Seguridad Electronica,"Clickteck, SRL Santo Domingo de Guzmán, Distrito Nacional",Ingeniería Electrónica,30000.0,30000.0,30000.0,DOP,2026-05-29T09:20:16," 30,000.00 $ (Mensual)"
Computrabajo RD - Ingeniería,computrabajo_engineering,https://do.computrabajo.com/empleos-de-ingenieria-y-tecnico,categoria,Estudiante de ingeniería,Estudiante de ingeniería,"CONSTRUMAX Santo Domingo Oeste, Santo Domingo",No clasificado,30000.0,30000.0,30000.0,DOP,2026-05-29T09:20:16," 30,000.00 $ (Mensual)"
Computrabajo RD - Ingeniería,computrabajo_engineering,https://do.computrabajo.com/empleos-de-ingenieria-y-tecnico,categoria,Encargado de compras internacionales,Encargado de compras internacionales,"PROYECTOS INDUSTRIALES, SRL PINSA Santo Domingo Oeste, Santo Domingo",No clasificado,80000.0,80000.0,80000.0,DOP,2026-05-29T09:20:16," 80,000.00 $ (Mensual)"
